institute_code,institute_name,city_hint,district_hint,location_verified
01002,"Government College of Engineering, Amravati",Amravati,Amravati,false
01005,"Sant Gadge Baba Amravati University,Amravati",Amravati,Amravati,false
01012,"Government College of Engineering,Yavatmal",Yavatmal,Yavatmal,false
01101,"Shri Sant Gajanan Maharaj College of Engineering,Shegaon",Shegaon,Shegaon,false
01105,"Prof. Ram Meghe Institute of Technology & Research, Amravati",Amravati,Amravati,false
01107,"P. R. Pote Patil College of Engineering & Management, Amravati",Amravati,Amravati,false
01114,"Sipna Shikshan Prasarak Mandal College of Engineering & Technology, Amravati",Amravati,Amravati,false
01116,"Shri Shivaji Education Society's College of Engineering and Technology, Akola",Akola,Akola,false
01117,"Janata Shikshan Prasarak Mandal’s Babasaheb Naik College Of Engineering, Pusad",Pusad,Pusad,false
01119,ANURADHA COLLEGE OF ENGINEERING & TECHNOLOGY,,,false
01120,"Jawaharlal Darda Institute of Engineering and Technology, Yavatmal",Yavatmal,Yavatmal,false
01121,"Shri Hanuman Vyayam Prasarak Mandals College of Engineering & Technology, Amravati",Amravati,Amravati,false
01123,"Dr.Rajendra Gode Institute of Technology & Research, Amravati",Amravati,Amravati,false
01125,"Dwarka Bahu Uddeshiya Gramin Vikas Foundation, Rajarshi Shahu College of Engineering, Buldhana",Buldhana,Buldhana,false
01126,"Takshashila Institute of Engineering & Technology, Darapur, Amravati",Amravati,Amravati,false
01127,"Jagadambha Bahuuddeshiya Gramin Vikas Sanstha's Jagdambha College of Engineering and Technology, Yavatmal",Yavatmal,Yavatmal,false
01128,"Prof Ram Meghe College of Engineering and Management, Badnera",Badnera,Badnera,false
01130,"Vision Buldhana Educational & Welfare Society's Pankaj Laddhad Institute of Technology & Management Studies, Yelgaon",Yelgaon,Yelgaon,false
01180,"Sanmati Engineering College, Sawargaon Barde, Washim",Washim,Washim,false
01182,"Padmashri Dr. V.B. Kolte College of Engineering, Malkapur, Buldhana",Buldhana,Buldhana,false
01265,"Mauli Group of Institutions, College of Engineering and Technology, Shegaon.",Shegaon,Shegaon,false
01268,"Siddhivinayak Technical Campus, School of Engineering & Research Technology, Shirasgon, Nile",Nile,Nile,false
01276,"Manav School of Engineering & Technology, Gut No. 1035 Nagpur Surat Highway, NH No. 6 Tal.Vyala, Balapur, Akola, 444302",Vyala,Vyala,false
01347,LET.DR. D. B. DOD COLLEGE OF ENGINEERING,,,false
02008,"Government College of Engineering, Chhatrapati Sambhajinagar",Chhatrapati Sambhajinagar,Chhatrapati Sambhajinagar,false
02015,"PURANMAL LAHOTI GOVERNMENT INSTITUTE OF ENGINEERING AND TECHNOLOGY, LATUR",Latur,Latur,false
02020,"Shri Guru Gobind Singhji Institute of Engineering and Technology, Nanded",Nanded,Nanded,false
02021,"University Department of Chemical Technology, Aurangabad",Aurangabad,Aurangabad,false
02032,"Institute of Chemical Technology, Mumbai Marathwada off campus, Jalna",Jalna,Jalna,false
02111,"Everest Education Society, Group of Institutions (Integrated Campus), Ohar",Ohar,Ohar,false
02112,"Shree Yash Pratishthan, Shreeyash College of Engineering and Technology, Aurangabad",Aurangabad,Aurangabad,false
02113,"G. S. Mandal's Maharashtra Institute of Technology, Aurangabad",Aurangabad,Aurangabad,false
02114,"Deogiri Institute of Engineering and Management Studies, Aurangabad",Aurangabad,Aurangabad,false
02116,"Matoshri Pratishan's Group of Institutions (Integrated Campus), Kupsarwadi , Nanded",Nanded,Nanded,false
02127,"Mahatma Gandhi Missions College of Engineering, Hingoli Rd, Nanded.",Nanded,Nanded,false
02129,"M.S. Bidve Engineering College, Latur",Latur,Latur,false
02130,"Terna Public Charitable Trust's College of Engineering, Osmanabad",Osmanabad,Osmanabad,false
02131,"Shree Tuljabhavani College of Engineering, Tuljapur",Tuljapur,Tuljapur,false
02133,"Mahatma Basaweshwar Education Society's College of Engineering, Ambejogai",Ambejogai,Ambejogai,false
02134,"Peoples Education Society's College of Engineering, Aurangabad",Aurangabad,Aurangabad,false
02135,"Hi-Tech Institute of Technology, Aurangabad",Aurangabad,Aurangabad,false
02136,"Aditya Engineering College , Beed",Beed,Beed,false
02137,"Nagnathappa Halge Engineering College, Parli, Beed",Beed,Beed,false
02138,"Matsyodari Shikshan Sansatha's College of Engineering and Technology, Jalna",Jalna,Jalna,false
02146,"Adarsh Shikshan Prasarak Mandal's K. T. Patil College of Engineering and Technology, Osmanabad",Osmanabad,Osmanabad,false
02189,"Vishweshwarayya Institute Of Engineering And Technology, Almala, Tq. Ausa, Dist. Latur",,Latur,false
02250,CHHATRAPATI SAMBHAJI MAHARAJ COLLEGE OF ENGINEERING,,,false
02252,"Marathwada Shikshan Prasarak Mandal's Shri Shivaji Institute of Engineering and Management Studies, Parbhani",Parbhani,Parbhani,false
02254,"Vilasrao Deshmukh Foundation Group of Institutions, Latur",Latur,Latur,false
02282,"Mitthulalji Sarada Institute Of Technology, Nalwandi Road, Beed",Beed,Beed,false
02508,GRAMIN TECHNICAL AND MANAGEMENT CAMPUS NANDED.,,,false
02516,International Centre Of Excellence In Engineering and Management (ICEEM),,,false
02522,"STMEI's Sandipani Technical Campus-Faculty of Engineering, Latur.",Latur,Latur,false
02533,"CSMSS Chh. Shahu College of Engineering, Aurangabad",Aurangabad,Aurangabad,false
02634,"Eaglewood Polytechnic Institute, A.P Phulepimpalgaon",A.P Phulepimpalgaon,A.P Phulepimpalgaon,false
02637,"Jijau Institute of Engineering Technology and Management, Khandgaon (Bendri), Taluka Naigaon, District Nanded",Naigaon,Nanded,false
02641,Dr. V.K. Patil College of Engineering & Technology,,,false
02666,Mangaldeep College of Engineering,,,false
02758,Sant Eknath College of Engineering,,,false
02770,"Shetkari Shikshan Prasarak Mandal's Mahesh Institute of Engineering and Technology , Ashti",Ashti,Ashti,false
02771,Amolak College of Engineering Kada,,,false
02772,"JSPM College of Engineering, Latur",Latur,Latur,false
02777,CDS College of Engineering,,,false
02779,NKSPT INSTITUTE OF ENGINEERING AND TECHNOLOGY PATHIKAR CAMPUS,,,false
02805,Urvara Pathrikar Engineering College,,,false
03012,"Veermata Jijabai Technological Institute(VJTI), Matunga, Mumbai",Mumbai,Mumbai,false
03014,"Sardar Patel College of Engineering, Andheri",Andheri,Andheri,false
03025,Svkm's Shri Bhagubhai Mafatlal Polytechnic & College of Engineering,,,false
03033,"Dr. Babasaheb Ambedkar Technological University, Lonere",Lonere,Lonere,false
03035,"Usha Mittal Institute of Technology SNDT Women's University, Mumbai",Mumbai,Mumbai,false
03036,"Institute of Chemical Technology, Matunga, Mumbai",Mumbai,Mumbai,false
03042,"Loknete Shamrao Peje Government College of Engineering, Ratnagiri",Ratnagiri,Ratnagiri,false
03135,"Manjara Charitable Trust's Rajiv Gandhi Institute of Technology, Mumbai",Mumbai,Mumbai,false
03139,"Vidyalankar Institute of Technology,Wadala, Mumbai",Mumbai,Mumbai,false
03143,"Thakur Shyamnarayan Engineering College, Mumbai",Mumbai,Mumbai,false
03146,"Jawahar Education Society's Annasaheb Chudaman Patil College of Engineering,Kharghar, Navi Mumbai",Navi Mumbai,Navi Mumbai,false
03147,"Saraswati Education Society, Yadavrao Tasgaonkar Institute of Engineering & Technology, Karjat",Karjat,Karjat,false
03148,"Mahavir Education Trust's Shah & Anchor Kutchhi Engineering College, Mumbai",Mumbai,Mumbai,false
03154,"Saraswati Education Society's Saraswati College of Engineering,Kharghar Navi Mumbai",Kharghar Navi Mumbai,Kharghar Navi Mumbai,false
03175,"M.G.M.'s College of Engineering and Technology, Kamothe, Navi Mumbai",Navi Mumbai,Navi Mumbai,false
03176,"Thakur College of Engineering and Technology, Kandivali, Mumbai",Mumbai,Mumbai,false
03182,"Thadomal Shahani Engineering College, Bandra, Mumbai",Mumbai,Mumbai,false
03183,"Anjuman-I-Islam's M.H. Saboo Siddik College of Engineering, Byculla, Mumbai",Mumbai,Mumbai,false
03184,"Fr. Conceicao Rodrigues College of Engineering, Bandra,Mumbai",Mumbai,Mumbai,false
03185,"Vivekanand Education Society's Institute of Technology, Chembur, Mumbai",Mumbai,Mumbai,false
03187,"N.Y.S.S.'s Datta Meghe College of Engineering, Airoli, Navi Mumbai",Navi Mumbai,Navi Mumbai,false
03188,"Vasantdada Patil Pratishthan's College Of Engineering and Visual Arts, Sion, Mumbai",Mumbai,Mumbai,false
03189,"Bharati Vidyapeeth College of Engineering, Navi Mumbai",Navi Mumbai,Navi Mumbai,false
03190,"Terna Engineering College, Nerul, Navi Mumbai",Navi Mumbai,Navi Mumbai,false
03192,"Smt. Indira Gandhi College of Engineering, Navi Mumbai",Navi Mumbai,Navi Mumbai,false
03193,"Shivajirao S. Jondhale College of Engineering, Dombivali,Mumbai",Mumbai,Mumbai,false
03194,"Vidyavardhini's College of Engineering and Technology, Vasai",Vasai,Vasai,false
03196,"Lokmanya Tilak College of Engineering, Kopar Khairane, Navi Mumbai",Navi Mumbai,Navi Mumbai,false
03197,"Agnel Charities' FR. C. Rodrigues Institute of Technology, Vashi, Navi Mumbai",Navi Mumbai,Navi Mumbai,false
03198,"Konkan Gyanpeeth College of Engineering, Karjat",Karjat,Karjat,false
03199,"Shri Vile Parle Kelvani Mandal's Dwarkadas J. Sanghvi College of Engineering, Vile Parle,Mumbai",Mumbai,Mumbai,false
03200,"Hope Foundation and research center's Finolex Academy of Management and Technology, Ratnagiri",Ratnagiri,Ratnagiri,false
03201,"Rizvi Education Society's Rizvi College of Engineering, Bandra,Mumbai",Mumbai,Mumbai,false
03202,Rajendra Mane College of Engineering & Technology Ambav Deorukh,,,false
03203,"Atharva College of Engineering,Malad(West),Mumbai",Mumbai,Mumbai,false
03204,"St. Francis Institute of Technology,Borivali, Mumbai",Mumbai,Mumbai,false
03206,"S.S.P.M.'s College of Engineering, Kankavli",Kankavli,Kankavli,false
03208,"Don Bosco Institute of Technology, Mumbai",Mumbai,Mumbai,false
03209,K J Somaiya Institute of Technology,,,false
03210,"Excelsior Education Society's K.C. College of Engineering and Management Studies and Research, Kopri, Thane (E)",Thane (E),Thane (E),false
03211,"S.I.E.S. Graduate School of Technology, Nerul, Navi Mumbai",Navi Mumbai,Navi Mumbai,false
03212,"Watumull Institute of Engineering & Technology, Ulhasnagar",Ulhasnagar,Ulhasnagar,false
03214,"Xavier Institute Of Engineering C/O Xavier Technical Institute,Mahim,Mumbai",Mumbai,Mumbai,false
03215,"Bhartiya Vidya Bhavan's Sardar Patel Institute of Technology , Andheri, Mumbai",Mumbai,Mumbai,false
03216,GHARDA INSTITUTE OF TECHNOLOGY & MANAGEMENT,,,false
03217,"Vighnaharata Trust's Shivajirao S. Jondhale College of Engineering & Technology, Shahapur, Asangaon, Dist Thane",,Thane,false
03218,"Aldel Education Trust's St. John College of Engineering & Management, Vevoor, Palghar",Palghar,Palghar,false
03219,"Koti Vidya Charitable Trust's Smt. Alamuri Ratnamala Institute of Engineering and Technology, Sapgaon, Tal. Shahapur",Shahapur,Shahapur,false
03220,Yadavrao Tasgaonkar College of Engineering & Management,,,false
03221,"Vishnu Waman Thakur Charitable Trust's VIVA Institute of Technology, Virar",Virar,Virar,false
03222,"Haji Jamaluddin Thim Trust's Theem College of Engineering, At. Villege Betegaon, Boisar",Boisar,Boisar,false
03223,"Mahatma Education Society's Pillai HOC College of Engineering & Technology, Tal. Khalapur. Dist. Raigad",Khalapur,Raigad,false
03224,"Leela Education Society, G.V. Acharya Institute of Engineering and Technology, Shelu, Karjat",Karjat,Karjat,false
03257,"Vidya Prasarak Mandal's College of Engineering, Thane",Thane,Thane,false
03277,Pravin Rohidas Patil College of Engineering & Technology,,,false
03351,"Bharat College of Engineering, Kanhor, Badlapur(W)",Badlapur(W),Badlapur(W),false
03353,"Dilkap Research Institute Of Engineering and Management Studies, At.Mamdapur, Post- Neral, Tal- Karjat, Mumbai",Karjat,Karjat,false
03423,"Shree L.R. Tiwari College of Engineering, Mira Road, Mumbai",Mumbai,Mumbai,false
03436,"B.R. Harne College of Engineering & Technology, Karav, Tal-Ambernath.",Ambernath,Ambernath,false
03439,Anjuman-I-Islam's Kalsekar Technical Campus School of Engineering & Technology,,,false
03440,"Metropolitan Institute of Technology & Management, Sukhalwad, Sindhudurg.",Sindhudurg,Sindhudurg,false
03445,"Vishwatmak Jangli Maharaj Ashram Trust (Kokamthan), Atma Malik Institute Of Technology & Research",,,false
03447,"G.M.Vedak Institute of Technology, Tala, Raigad.",Raigad,Raigad,false
03462,"VPM's Maharshi Parshuram College of Engineering, Velneshwar, Ratnagiri.",Ratnagiri,Ratnagiri,false
03465,"Ideal Institute of Technology, Wada, Dist.Thane",,Thane,false
03467,"Vishwaniketan's Institute of Management Entrepreneurship and Engineering Technology(i MEET), Khalapur Dist Raigad",,Raigad,false
03470,YASHWANTRAO BHONSALE INSTITUTE OF TECHNOLOGY,,,false
03471,"New Horizon Institute of Technology & Management, Thane",Thane,Thane,false
03475,"A. P. Shah Institute of Technology, Thane",Thane,Thane,false
03477,"Chhartrapati Shivaji Maharaj Institute of Technology, Shedung, Panvel",Panvel,Panvel,false
03503,"Indala College Of Engineering, Bapsai Tal.Kalyan",Kalyan,Kalyan,false
03546,Devi Mahalaxmi College of Engineering and Technology,,,false
03723,"Navjeevan Education Society's College of Engineering, Bhandup(W), Mumbai",Mumbai,Mumbai,false
03724,Thakur Shree DPS College of Engineering & Management,,,false
03725,"MAEER's Maharashtra Institute of Technology, Thane",Thane,Thane,false
03726,IImperial College of Engineering,,,false
04004,"Government College of Engineering, Chandrapur",Chandrapur,Chandrapur,false
04025,"Government College of Engineering, Nagpur",Nagpur,Nagpur,false
04026,University Institute of Technology,,,false
04104,"Kavi Kulguru Institute of Technology & Science, Ramtek",Ramtek,Ramtek,false
04116,"Ankush Shikshan Sanstha's G.H.Raisoni College of Engineering, Nagpur",Nagpur,Nagpur,false
04118,"Bapurao Deshmukh College of Engineering, Sevagram",Sevagram,Sevagram,false
04123,"Lokmanya Tilak Jankalyan Shikshan Sanstha, Priyadarshani College of Engineering, Nagpur",Nagpur,Nagpur,false
04133,"Sanmarg Shikshan Sanstha's Smt. Radhikatai Pandav College of Engineering, Nagpur",Nagpur,Nagpur,false
04134,"Guru Nanak Institute of Engineering & Technology,Kalmeshwar, Nagpur",Nagpur,Nagpur,false
04135,"Amar Seva Mandal's Shree Govindrao Vanjari College of Engineering & Technology, Nagpur",Nagpur,Nagpur,false
04137,"Sir Shantilal Badjate Charitable Trust's S. B. Jain Institute of technology, Management & Research, Nagpur",Nagpur,Nagpur,false
04138,"Jaidev Education Society, J D College of Engineering and Management, Nagpur",Nagpur,Nagpur,false
04139,"Samridhi Sarwajanik Charitable Trust, Jhulelal Institute of Technology, Nagpur",Nagpur,Nagpur,false
04141,"Shriram Gram Vikas Shikshan Sanstha, Vilasrao Deshmukh College of Engineering and Technology, Nagpur",Nagpur,Nagpur,false
04142,"G H Raisoni College of Engineering & Management, Nagpur",Nagpur,Nagpur,false
04143,"Sanmarg Shikshan Sanstha, Mandukarrao Pandav College of Engineering, Bhandara",Bhandara,Bhandara,false
04144,"Shri. Sai Shikshan Sanstha, Nagpur Institute of Technology, Nagpur",Nagpur,Nagpur,false
04145,"Wainganga College of Engineering and Management, Dongargaon, Nagpur",Nagpur,Nagpur,false
04147,"K.D.K. College of Engineering, Nagpur",Nagpur,Nagpur,false
04151,"Tulsiramji Gaikwad Patil College of Engineering & Technology, Nagpur",Nagpur,Nagpur,false
04163,Rajiv Gandhi College of Engineering Research & Technology Chandrapur,,,false
04167,"Yeshwantrao Chavan College of Engineering,Wanadongri, Nagpur",Nagpur,Nagpur,false
04172,"Anjuman College of Engineering & Technology, Nagpur",Nagpur,Nagpur,false
04174,"ST. Vincent Pallotti College of Engineering & Technology, Nagpur",Nagpur,Nagpur,false
04175,"JMSS Shri Shankarprasad Agnihotri College of Engineering, Wardha",Wardha,Wardha,false
04177,"Priyadarshini Bhagwati College of Engineering, Harpur Nagar, Umred Road,Nagpur",Nagpur,Nagpur,false
04181,"Swaminarayan Siddhanta Institute Of Technology, Nagpur",Nagpur,Nagpur,false
04188,"Krushi Jivan Vikas Pratishthan, Ballarpur Institute of Technology, Mouza Bamni",Mouza Bamni,Mouza Bamni,false
04190,"M.D. Yergude Memorial Shikshan Prasarak Mandal's Shri Sai College of Engineering & Technology, Bhadrawati",Bhadrawati,Bhadrawati,false
04192,"Maitraya Education Society, Nagarjuna Institute of Engineering Technology & Management, Nagpur",Nagpur,Nagpur,false
04193,"K.D.M. Education Society, Vidharbha Institute of Technology,Umred Road ,Nagpur",Nagpur,Nagpur,false
04196,"Gurunanak Educational Society's Gurunanak Institute of Technology, Nagpur",Nagpur,Nagpur,false
04197,"Jai Mahakali Shikshan Sanstha, Agnihotri College of Engineering, Sindhi(Meghe)",Sindhi(Meghe),Sindhi(Meghe),false
04302,"Gondia Education Society's Manoharbhai Patel Institute Of Engineering & Technology, Shahapur, Bhandara",Bhandara,Bhandara,false
04304,"Cummins College of Engineering For Women, Sukhali (Gupchup), Tal. Hingna Hingna Nagpur",Hingna,Hingna,false
04613,"Suryodaya College of Engineering & Technology, Nagpur",Nagpur,Nagpur,false
04648,"R.V. Parankar College of Engineering & Technology, Arvi, Dist Wardha",,Wardha,false
04649,"Bajaj Institute of Technology, Wardha",Wardha,Wardha,false
04679,"Karanjekar College of Engineering & Management, Sakoli",Sakoli,Sakoli,false
04703,"Somayya Institute of Technology, Chandrapur",Chandrapur,Chandrapur,false
04762,"Mata Mahakali College of Engineering & Technology, Warora",Warora,Warora,false
04766,Dr. Arun Motghare College of Engineering and Technology,,,false
05003,"University Institute of Chemical Technology, North Maharashtra University, Jalgaon",Jalgaon,Jalgaon,false
05004,"Government College of Engineering, Jalgaon",Jalgaon,Jalgaon,false
05103,"Shri Shivaji Vidya Prasarak Sanstha's Late Bapusaheb Shivaji Rao Deore College of Engineering,Dhule",Dhule,Dhule,false
05104,"Shramsadhana Bombay Trust, College of Engineering & Technology, Jalgaon",Jalgaon,Jalgaon,false
05106,"Khandesh College Education Society's College Of Engineering And Management, Jalgaon",Jalgaon,Jalgaon,false
05108,"Maratha Vidya Prasarak Samaj's Karmaveer Adv. Baburao Ganpatrao Thakare College Of Engineering, Nashik",Nashik,Nashik,false
05109,"Sandip Foundation, Sandip Institute of Technology and Research Centre, Mahiravani, Nashik",Nashik,Nashik,false
05121,"K. K. Wagh Institute of Engineering Education and Research, Nashik",Nashik,Nashik,false
05124,"Jagadamba Education Soc. Nashik's S.N.D. College of Engineering & Research, Babulgaon",Babulgaon,Babulgaon,false
05125,"Pravara Rural Education Society's Sir Visvesvaraya Institute of Technology, Chincholi Dist. Nashik",,Nashik,false
05130,"Brahma Valley College of Engineering & Research, Trimbakeshwar, Nashik",Nashik,Nashik,false
05139,"Pravara Rural College of Engineering, Loni, Pravaranagar, Ahmednagar.",Ahmednagar,Ahmednagar,false
05151,"MET Bhujbal Knowledge City MET League's Engineering College, Adgaon, Nashik.",Nashik,Nashik,false
05152,"G H Raisoni College of Engineering and Management, Jalgaon",Jalgaon,Jalgaon,false
05160,"Sanjivani Rural Education Society's Sanjivani College of Engineering, Kopargaon",Kopargaon,Kopargaon,false
05161,"Dr. Vithalrao Vikhe Patil College of Engineering, Ahmednagar",Ahmednagar,Ahmednagar,false
05162,"Amrutvahini Sheti & Shikshan Vikas Sanstha's Amrutvahini College of Engineering, Sangamner",Sangamner,Sangamner,false
05164,"P.S.G.V.P. Mandal's D.N. Patel College of Engineering, Shahada, Dist. Nandurbar",,Nandurbar,false
05168,"T.M.E. Society's J.T.Mahajan College of Engineering, Faizpur",Faizpur,Faizpur,false
05169,"Nagaon Education Society's Gangamai College of Engineering, Nagaon, Tal Dist Dhule",Dist,Dhule,false
05170,"Hindi Seva Mandal's Shri Sant Gadgebaba College of Engineering & Technology, Bhusawal",Bhusawal,Bhusawal,false
05171,"Godavari Foundation's Godavari College Of Engineering, Jalgaon",Jalgaon,Jalgaon,false
05172,"R. C. Patel Institute of Technology, Shirpur",Shirpur,Shirpur,false
05173,"SNJB's Late Sau. Kantabai Bhavarlalji Jain College of Engineering, (Jain Gurukul), Neminagar,Chandwad,(Nashik)",(Nashik),(Nashik),false
05177,"Matoshri College of Engineering and Research Centre, Eklahare, Nashik",Nashik,Nashik,false
05179,"Vishwabharati Academy's College of Engineering, Ahmednagar",Ahmednagar,Ahmednagar,false
05181,"Gokhale Education Society's, R.H. Sapat College of Engineering, Management Studies and Research, Nashik",Nashik,Nashik,false
05182,"Kalyani Charitable Trust, Late Gambhirrao Natuba Sapkal College of Engineering, Anjaneri, Trimbakeshwar Road, Nashik",Nashik,Nashik,false
05184,"Amruta Vaishnavi Education & Welfare Trust's Shatabdi Institute of Engineering & Research, Agaskhind Tal. Sinnar",Sinnar,Sinnar,false
05223,"SMT. SHARCHCHANDRIKA SURESH PATIL INSTITUTE OF TECHNOLOGY (ENGINEERING & POLYTECHNIC), CHOPDA",Chopda,Chopda,false
05235,"Late Bhausaheb Hiray Smarnika Samiti Trust Sanchalit Polytechnic, Malegaon, Nashik",Nashik,Nashik,false
05239,JAMIA INSTITUTE OF TECHNOLOGY,,,false
05244,"MET's Institute of Technology Polytechnic, Bhujbal Knowledge City, Adgaon Nashik",Adgaon Nashik,Adgaon Nashik,false
05249,"Trimurti Shikshan Prasarak Mandal, Trimurti Institute Of Technology, Paladhi Bk, Jalgaon",Jalgaon,Jalgaon,false
05256,Matoshri Aasarabai Institute of Technology and Research Centre,,,false
05263,"Matoshri Education Soceity, Matoshri Institute Of Technology, Dhanore, Nashik",Nashik,Nashik,false
05303,"Hon. Shri. Babanrao Pachpute Vichardhara Trust, Group of Institutions (Integrated Campus)-Parikrama, Kashti Shrigondha,",,,false
05330,"PUNE VIDYARTHI GRIHA’S COLLEGE OF ENGINEERING & SHRIKRUSHNA S. DHAMANKAR INSTITUTE OF MANAGEMENT, NASHIK",Nashik,Nashik,false
05331,"Sandip Foundation's, Sandip Institute of Engineering & Management, Nashik",Nashik,Nashik,false
05365,"Vardhaman Education & Welfare Society, Ahinsa Institute of Technology, Post. Dondaicha, Dhule",Dhule,Dhule,false
05370,"Kedareshwar Gramin Vikas Pratishthan, Samajbhushan Eknathrao Dhakane College, of Engineering, Shevgaon",Shevgaon,Shevgaon,false
05380,"Adsul's Technical Campus, Chas Dist. Ahmednagar",,Ahmednagar,false
05381,"Shri. Jaykumar Rawal Institute of Technology, Dondaicha.",Dondaicha,Dondaicha,false
05382,"Ahmednagar Jilha Maratha Vidya Prasarak Samajache, Shri. Chhatrapati Shivaji Maharaj College of Engineering, Nepti",Nepti,Nepti,false
05390,"K.V.N. Naik S. P. Sansth's Loknete Gopinathji Munde Institute of Engineering Education & Research, Nashik.",Nashik,Nashik,false
05395,Ashok Institute of Engineering & Technology,,,false
05396,"College of Engineering and Technology ,North Maharashtra Knowledge City, Jalgaon",Jalgaon,Jalgaon,false
05399,"Sanghavi College of Engineering, Varvandi, Nashik.",Nashik,Nashik,false
05401,"Jawahar Education Society's Institute of Technology, Management & Research, Nashik.",Nashik,Nashik,false
05408,"Vidya Niketan College of Engineering, Bota Sangamner",Bota Sangamner,Bota Sangamner,false
05409,"Rajiv Gandhi College of Engineering, At Post Karjule Hariya Tal.Parner, Dist.Ahmednagar",Parner,Ahmednagar,false
05411,"Maulana Mukhtar Ahmad Nadvi Technical Campus, Malegaon.",Malegaon,Malegaon,false
05413,"Netaji Subhashchandra Bose Edu Trust,Netaji Polytechnic.,Dhule",Dhule,Dhule,false
05414,"Nikam Institute of Technology And Management Studies ,Dhule",Dhule,Dhule,false
05418,"Guru Gobind Singh College of Engineering & Research Centre, Nashik.",Nashik,Nashik,false
05433,"R.C. Patel College of Engineering and Polytechnic, Shirpur",Shirpur,Shirpur,false
05497,"P.G. College of Engineering & Technology, Nandurbar",Nandurbar,Nandurbar,false
05509,"Shri Swami Samarth Institute of Management and Technology, Malwadi-Bota",Malwadi-Bota,Malwadi-Bota,false
05513,"MKD Institute of Technology, Nadurbar",Nadurbar,Nadurbar,false
05545,"Shri Vile Parle Kelavani Mandal's College of Engineering, Shirpur",Shirpur,Shirpur,false
05597,VAMANRAO ITHAPE COLLEGE OF ENGINEERING AND MANAGEMENT,,,false
05682,Sai College of Engineering and Technology,,,false
05683,Saptashrungi College of Engineering and Polytechnic,,,false
05686,Loknete Suhas Dwarkanath Kande College of Engineering Management and Research,,,false
05688,MES Institute of Engineering and Technology,,,false
06004,"Government College of Engineering & Research, Avasari Khurd",Avasari Khurd,Avasari Khurd,false
06005,"Government College of Engineering, Karad",Karad,Karad,false
06007,"Walchand College of Engineering, Sangli",Sangli,Sangli,false
06028,SHIVAJI UNIVERSITY SCHOOL OF ENGINEERING AND TECHNOLOGY (DEPARTMENT OF TECHNOLOGY),,,false
06036,"Government College of Engineering, Kolhapur",Kolhapur,Kolhapur,false
06041,"Punyashlok Ahilyadevi Holkar Solapur University, Solapur",Solapur,Solapur,false
06122,"TSSMS's Pd. Vasantdada Patil Institute of Technology, Bavdhan, Pune",Pune,Pune,false
06138,"Genba Sopanrao Moze Trust Parvatibai Genba Moze College of Engineering,Wagholi, Pune",Pune,Pune,false
06139,"Progressive Education Society's Modern College of Engineering, Pune",Pune,Pune,false
06141,"Jaywant Shikshan Prasarak Mandal's,Rajarshi Shahu College of Engineering, Tathawade, Pune",Pune,Pune,false
06144,"Genba Sopanrao Moze College of Engineering, Baner-Balewadi, Pune",Pune,Pune,false
06145,"JSPM'S Jaywantrao Sawant College of Engineering,Pune",Pune,Pune,false
06146,"MIT Academy of Engineering,Alandi, Pune",Pune,Pune,false
06149,"Siddhant College of Engineering, A/p Sudumbare, Tal.Maval, Dist-Pune",Maval,Pune,false
06155,"G.H.Raisoni College of Engineering & Management, Wagholi, Pune",Pune,Pune,false
06156,"Marathwada Mitra Mandal's College of Engineering, Karvenagar, Pune",Pune,Pune,false
06175,"Pimpri Chinchwad Education Trust, Pimpri Chinchwad College of Engineering, Pune",Pune,Pune,false
06177,"Sinhgad College of Engineering, Vadgaon (BK), Pune",Pune,Pune,false
06178,"Sinhgad Technical Education Society's Smt. Kashibai Navale College of Engineering,Vadgaon,Pune",Pune,Pune,false
06179,"Indira College of Engineering & Management, Pune",Pune,Pune,false
06182,"Sinhgad Technical Education Society, Sinhgad Institute of Technology and Science, Narhe (Ambegaon)",Narhe (Ambegaon),Narhe (Ambegaon),false
06183,"Al-Ameen Educational and Medical Foundation, College of Engineering, Koregaon, Bhima",Bhima,Bhima,false
06184,"K. J.'s Educational Institut Trinity College of Engineering and Research, Pisoli, Haveli",Haveli,Haveli,false
06185,"Sinhgad Institute of Technology, Kusgaon (BK) Lonavala",Kusgaon (Bk) Lonavala,Kusgaon (Bk) Lonavala,false
06187,"Sinhgad Academy of Engineering, Kondhwa (BK) Kondhwa-Saswad Road, Pune",Pune,Pune,false
06203,"Marathwada Mitra Mandal's Institute of Technology, Lohgaon, Pune",Pune,Pune,false
06206,"Pune District Education Association's College of Engineering, Manjari(Bk), Hadapsar, Pune",Pune,Education,false
06207,"Dr. D. Y. Patil Unitech Society's Dr. D. Y. Patil Institute of Technology, Pimpri, Pune",Pune,Pune,false
06214,"K. E. Society's Rajarambapu Institute of Technology, Walwa, Sangli",Sangli,Sangli,false
06217,"Shri. Balasaheb Mane Shikshan Prasarak Mandal's, Ashokrao Mane Group of Institutions",,,false
06219,"KSGBS's Bharat- Ratna Indira Gandhi College of Engineering, Kegaon, Solapur",Solapur,Solapur,false
06220,"SVERI's College of Engineering, Pandharpur",Pandharpur,Pandharpur,false
06222,"Dattajirao Kadam Technical Education Society's Textile & Engineering Institute, Ichalkaranji.",Ichalkaranji,Ichalkaranji,false
06223,"Pradnya Niketan Education Society's Nagesh Karajagi Orchid College of Engineering & Technology, Solapur",Solapur,Solapur,false
06250,"D.Y. Patil College of Engineering and Technology, Kolhapur",Kolhapur,Kolhapur,false
06265,"Walchand Institute of Technology, Solapur",Solapur,Solapur,false
06267,"Kolhapur Institute of Technology's College of Engineering(Autonomous), Kolhapur",Kolhapur,Kolhapur,false
06268,"Tatyasaheb Kore Institute of Engineering and Technology, Warananagar",Warananagar,Warananagar,false
06269,"Shetkari Shikshan Mandal's Pad. Vasantraodada Patil Institute of Technology, Budhgaon, Sangli",Sangli,Sangli,false
06270,"Rayat Shikshan Sanstha's Karmaveer Bhaurao Patil College of Engineering, Satara",Satara,Satara,false
06271,Pune Institute of Computer Technology,,,false
06272,"Dr. D. Y. Patil Pratishthan's D.Y.Patil College of Engineering Akurdi, Pune",Pune,Pune,false
06273,"Bansilal Ramnath Agarawal Charitable Trust's Vishwakarma Institute of Technology, Bibwewadi, Pune",Pune,Pune,false
06274,"PVG's College of Engineering, Technology & Management",,,false
06275,"Shivnagar Vidya Prasarak Mandal's College of Engineering, Malegaon-Baramati",Malegaon-Baramati,Malegaon-Baramati,false
06276,"MKSSS's Cummins College of Engineering for Women, Karvenagar,Pune",Pune,Pune,false
06277,"Dr. J. J. Magdum Charitable Trust's Dr. J.J. Magdum College of Engineering, Jaysingpur",Jaysingpur,Jaysingpur,false
06278,"All India Shri Shivaji Memorial Society's College of Engineering, Pune",Pune,Pune,false
06281,"Modern Education Society's Wadia College of Engineering, Pune",Pune,Pune,false
06282,"All India Shri Shivaji Memorial Society's Institute of Information Technology,Pune",Pune,Pune,false
06283,"Annasaheb Dange College of Engineering and Technology, Ashta, Sangli",Sangli,Sangli,false
06284,"Vidya Pratishthan's Kamalnayan Bajaj Institute of Engineering & Technology, Baramati Dist.Pune",,Pune,false
06285,"Bharati Vidyapeeth's College of Engineering for Women, Katraj, Dhankawadi, Pune",Pune,Pune,false
06288,"Bharati Vidyapeeth's College of Engineering, Kolhapur",Kolhapur,Kolhapur,false
06293,"Kai Amdar Bramhadevdada Mane Shikshan & Samajik Prathistan's Bramhadevdada Mane Institute of Technology, Solapur",Solapur,Solapur,false
06298,"Zeal Education Society's Zeal College of Engineering & Reserch, Narhe, Pune",Pune,Pune,false
06303,"Dr. Ashok Gujar Technical Institute's Dr. Daulatrao Aher College of Engineering, Karad",Karad,Karad,false
06304,"Loknete Hanumantrao Charitable Trust's Adarsh Institute of Technology and Research Centre, Vita,Sangli",Sangli,Sangli,false
06305,"Late Narayandas Bhawandas Chhabada Institute of Engineering & Technology, Satara",Satara,Satara,false
06307,"Dhole Patil Education Society, Dhole Patil College of Engineering, Wagholi, Tal. Haveli",Haveli,Haveli,false
06308,"Shanti Education Society, A.G. Patil Institute of Technology, Soregaon, Solapur(North)",Solapur(North),Solapur(North),false
06310,"Nutan Maharashtra Vidya Prasarak Mandal, Nutan Maharashtra Institute of Engineering &Technology, Talegaon station, Pune",Pune,Pune,false
06311,"Jayawant Shikshan Prasarak Mandal, Bhivarabai Sawant Institute of Technology & Research, Wagholi",Wagholi,Wagholi,false
06313,"Jaywant College of Engineering & Polytechnic , Kille Macchindragad Tal. Walva District- Sangali",Walva,Sangali,false
06315,Sanjeevan Group of Institutions,,,false
06317,"Sharad Institute of Technology College of Engineering, Yadrav(Ichalkaranji)",Yadrav(Ichalkaranji),Yadrav(Ichalkaranji),false
06319,"Shahajirao Patil Vikas Pratishthan, S.B.Patil College of Engineering, Vangali, Tal. Indapur",Indapur,Indapur,false
06320,"K.J.'s Educational Institute's K.J.College of Engineering & Management Research, Pisoli",Pisoli,Pisoli,false
06321,"Vidya Vikas Pratishthan Institute of Engineering and Technology, Solapur",Solapur,Solapur,false
06322,"Shree Gajanan Maharaj Shikshan Prasarak Manda'l Sharadchandra Pawar College of Engineering, Dumbarwadi",Dumbarwadi,Dumbarwadi,false
06324,Rajgad Technical Campus,,,false
06326,Karmayogi Institute of Technology,,,false
06402,"NEW INSTITUTE OF TECHNOLOGY,KOLHAPUR",Kolhapur,Kolhapur,false
06444,"Shriram Institute Of Engineering & Technology, (Poly), Paniv",Paniv,Paniv,false
06466,"Shree Santkrupa Shikshan Sanstha, Shree Santkrupa Institute Of Engineering & Technology, Karad",Karad,Karad,false
06467,"Swami Vivekanand Institute Of Technology, Solapur",Solapur,Solapur,false
06468,"Swami Vivekananda Shikshan Sanstha, Dr. Bapuji Salunkhe Institute Of Engineering & Technology,Kolhapur",Kolhapur,Kolhapur,false
06545,"Samarth Education Trust's Arvind Gavali College Of Engineering Panwalewadi, Varye,Satara.",Satara,Satara,false
06609,"Jaihind College Of Engineering,Kuran",Kuran,Kuran,false
06622,ISBM College Of Engineering Pune,,,false
06625,"Universal College of Engineering & Research, Sasewadi",Sasewadi,Sasewadi,false
06628,"Dattakala Group Of Institutions, Swami - Chincholi Tal. Daund Dist. Pune",Daund,Pune,false
06632,Navsahyadri Education Society's Group of Institutions,,,false
06634,"KJEI's Trinity Academy of Engineering, Yewalewadi, Pune",Pune,Pune,false
06635,Samarth College of Engineering and Management,,,false
06640,"N. B. Navale Sinhgad College of Engineering, Kegaon, solapur",Solapur,Solapur,false
06643,"S K N Sinhgad College of Engineering, Korti Tal. Pandharpur Dist Solapur",Pandharpur,Solapur,false
06644,"Shri. Ambabai Talim Sanstha's Sanjay Bhokare Group of Institutes, Miraj",Miraj,Miraj,false
06649,"TSSM's Bhivarabai Sawant College of Engineering and Research, Narhe, Pune",Pune,Pune,false
06714,"APPASAHEB ALIAS SA.RE.PATIL INSTITUTE OF TECHNOLOGY, Dattanagar Tal-Shirol, Dist Kolhapur",Shirol,Kolhapur,false
06715,Babasaheb Phadtare Engineering & Technology Kalamb-Walchandnagar Tal Indapur Dist Pune,Indapur,Pune,false
06725,"New Satara Shikshan Sankul,New Satara College of Engineering & Management, Pandharpur",Pandharpur,Pandharpur,false
06732,"Ajeenkya DY Patil School of Engineering, Lohegaon, Pune",Pune,Pune,false
06754,"International Institute of Information Technology (I²IT), Pune.",Pune,Pune,false
06755,"JSPM Narhe Technical Campus, Pune.",Pune,Pune,false
06756,"Fabtech Technical Campus College of Engineering and Research, Sangola",Sangola,Sangola,false
06757,"Yashoda Technical Campus, Wadhe, Satara.",Satara,Satara,false
06758,"Sahyadri Valley College of Engineering & Technology, Rajuri, Pune.",Pune,Pune,false
06759,"Shree Ramchandra College of Engineering, Lonikand,Pune",Pune,Pune,false
06762,"Nanasaheb Mahadik College of Engineering,Walwa, Sangli.",Sangli,Sangli,false
06766,Phaltan Education Society's College of Engineering Thakurki Tal- Phaltan Dist-Satara,Phaltan,Satara,false
06767,"Suman Ramesh Tulsiani Technical Campus: Faculty of Engineering, Kamshet,Pune.",Pune,Pune,false
06768,"P.K. Technical Campus, Pune.",Pune,Pune,false
06769,"Rasiklal M. Dhariwal Sinhgad Technical Institutes Campus, Warje, Pune.",Pune,Pune,false
06770,"SKN Sinhgad Institute of Technology & Science, Kusgaon(BK),Pune.",Pune,Pune,false
06771,"Flora Institute of Technology, Khopi, Near Khed Shivapur Toll Plaza, Pune",Pune,Pune,false
06772,"NBN Sinhgad Technical Institutes Campus, Pune",Pune,Pune,false
06780,"D.Y.Patil Education Society's,D.Y.Patil Technical Campus, Faculty of Engineering & Faculty of Management,Talsande,Kolhapur.",Kolhapur,Kolhapur,false
06781,"Bhagwant Institute of Technology, Barshi",Barshi,Barshi,false
06782,"Sahakar Maharshee Shankarrao Mohite Patil Institute of Technology & Research, Akluj",Akluj,Akluj,false
06794,"Anantrao Pawar College of Engineering & Research, Pune",Pune,Pune,false
06795,"Shri.Someshwar Shikshan Prasarak Mandal, Sharadchandra Pawar College of Engineering & Technology, Someshwar Nagar",Someshwar Nagar,Someshwar Nagar,false
06796,"Bharati Vidyapeeth's College of Engineering,Lavale, Pune",Pune,Pune,false
06797,"Dnyanshree Institute Engineering and Technology, Satara",Satara,Satara,false
06799,"Shivganga Charitable Trust, Sangli Vishveshwarya Technical Campus, Faculty of Diploma Engineering, Patgaon, Miraj",Miraj,Miraj,false
06803,"Sant Gajanan Maharaj College of Engineering, Gadhinglaj",Gadhinglaj,Gadhinglaj,false
06808,"Keystone School of Engineering, Pune",Pune,Pune,false
06811,Sanjay Ghodawat Institute,,,false
06814,"K.P. Patil Institute ( Polytechnic ), Bhudargad, Dist.Kolhapur",,Kolhapur,false
06815,"DR. G.V.SHINGRE VPS COLLEGE OF ENGINEERING AND TECHNOLOGY, LONAVALA, MAUJE WAKSAI, TAL MAVAL, DIST PUNE",Maval,Pune,false
06822,"Pimpri Chinchwad Education Trust's Pimpri Chinchwad College Of Engineering And Research, Ravet",Ravet,Ravet,false
06834,"Dr.D.Y.Patil College Of Engineering & Innovation,Talegaon",Talegaon,Talegaon,false
06839,"Dr. D Y Patil Pratishthan's College of Engineering, Kolhapur",Kolhapur,Kolhapur,false
06878,"Dr. A. D. Shinde College Of Engineering, Tal.Gadhinglaj, Kolhapur",Gadhinglaj,Gadhinglaj,false
06901,"MAEER's MIT College of Railway Engineering and Research, Jamgaon, Barshi",Barshi,Barshi,false
06938,Shree Siddheshwar Women's College Of Engineering Solapur.,,,false
06991,"Dr. D.Y. Patil Technical Campus, Varale, Talegaon, Pune",Pune,Pune,false
14005,"Laxminarayan Innovation Technological University, Nagpur",Nagpur,Nagpur,false
16006,COEP Technological University,,,false
16121,"Shri. Anandrao Abitkar College of Engineering, Pal",Pal,Pal,false
16351,"Vidya Niketan Institute of Engineering & Technology, Lakhewadi",Lakhewadi,Lakhewadi,false
16352,"Yashoda Mahadeo Kakade College of Engineering, Talegaon",Talegaon,Talegaon,false
16354,"DNYANVILAS COLLEGE OF ENGINEERING PIMPRI -CHINCHWAD , PUNE",Pune,Pune,false
16355,Audyogik Shikshan Mandal's Nextgen Technical Campus,,,false
16357,MES MUKUNDDAS LOHIA COLLEGE OF ENGINEERING,,,false
16371,Kai. Nirmalatai Pingle Institute of Engineering & Management studies,,,false
16372,Sawkar Women's Institute of Technology,,,false
16373,SJVPM College of Engineering,,,false
